{
    "accuracy": 0.64385,
    "precision": 0.5420766292394953,
    "recall": 0.5965605095541401,
    "f1_score": 0.5680150403299169,
    "roc_auc": 0.6354819008676049,
    "confusion_matrix": [
        [
            8194,
            3956
        ],
        [
            3167,
            4683
        ]
    ]
}